[
  {
    "id": "ce9e4ad8-3181-4952-ac41-bf270651c30d",
    "data": [
      {
        "text": "Clear the screen",
        "userDefined": false
      }
    ],
    "isTemplate": false,
    "count": 0,
    "updated": 1529914411
  },
  {
    "id": "febc7eed-dde9-413a-a759-53651f773dc8",
    "data": [
      {
        "text": "Clear the display",
        "userDefined": false
      }
    ],
    "isTemplate": false,
    "count": 0,
    "updated": 1529914411
  },
  {
    "id": "3d705289-641e-4d0a-93ba-0348b74fdda5",
    "data": [
      {
        "text": "Clear it",
        "userDefined": false
      }
    ],
    "isTemplate": false,
    "count": 0,
    "updated": 1529914411
  }
]