[
  {
    "id": "0b1c1d7f-46f7-4e23-ae6b-6777b2ff9bcb",
    "data": [
      {
        "text": "Show a message",
        "userDefined": false
      }
    ],
    "isTemplate": false,
    "count": 0,
    "updated": 1529938577
  },
  {
    "id": "4ead2ac9-e7a2-4c06-8ef8-f3bcb3eff0ca",
    "data": [
      {
        "text": "Show message ",
        "userDefined": false
      },
      {
        "text": "Hello",
        "alias": "message",
        "meta": "@sys.any",
        "userDefined": true
      }
    ],
    "isTemplate": false,
    "count": 0,
    "updated": 1529939244
  },
  {
    "id": "e8319f3b-9302-4064-9689-7c3cff63f498",
    "data": [
      {
        "text": "Show the message: ",
        "userDefined": false
      },
      {
        "text": "Hello",
        "alias": "message",
        "meta": "@sys.any",
        "userDefined": true
      }
    ],
    "isTemplate": false,
    "count": 0,
    "updated": 1529939244
  },
  {
    "id": "505c89b5-02eb-48c3-b5a0-97f1137e95f1",
    "data": [
      {
        "text": "Scroll the message ",
        "userDefined": false
      },
      {
        "text": "Hello",
        "alias": "message",
        "meta": "@sys.any",
        "userDefined": true
      }
    ],
    "isTemplate": false,
    "count": 0,
    "updated": 1529939244
  },
  {
    "id": "47e4a736-32a8-458b-9ef9-56c96ddd26d7",
    "data": [
      {
        "text": "Scroll a message",
        "userDefined": false
      }
    ],
    "isTemplate": false,
    "count": 0,
    "updated": 1529841678
  },
  {
    "id": "57ac0e24-6699-4f40-865b-896783de34f8",
    "data": [
      {
        "text": "Scroll message ",
        "userDefined": false
      },
      {
        "text": "Hello",
        "alias": "message",
        "meta": "@sys.any",
        "userDefined": true
      }
    ],
    "isTemplate": false,
    "count": 1,
    "updated": 1529939244
  }
]