[
  {
    "id": "4eb19d9b-79c3-4862-b9e1-0de98ea1b5cd",
    "data": [
      {
        "text": "Show the date",
        "userDefined": false
      }
    ],
    "isTemplate": false,
    "count": 0,
    "updated": 1529927834
  },
  {
    "id": "6eca6652-108e-40b3-8dba-866602b3fece",
    "data": [
      {
        "text": "Show the day",
        "userDefined": false
      }
    ],
    "isTemplate": false,
    "count": 0,
    "updated": 1529927834
  },
  {
    "id": "d4eae990-4fb3-4544-88ac-7361aa7e2f92",
    "data": [
      {
        "text": "Show me the day",
        "userDefined": false
      }
    ],
    "isTemplate": false,
    "count": 0,
    "updated": 1529927834
  },
  {
    "id": "0c4fb52a-8b04-465c-81c5-0597653d2e22",
    "data": [
      {
        "text": "Show me the date",
        "userDefined": false
      }
    ],
    "isTemplate": false,
    "count": 0,
    "updated": 1529927834
  }
]