[
  {
    "id": "cb76c4bb-725f-4fde-8068-312812df0111",
    "data": [
      {
        "text": "Show the stocks",
        "userDefined": false
      }
    ],
    "isTemplate": false,
    "count": 0,
    "updated": 1530010542
  },
  {
    "id": "06d1b3a5-aa47-4226-a4ac-46df291aa44b",
    "data": [
      {
        "text": "Show stocks for @StockName:company",
        "userDefined": false
      }
    ],
    "isTemplate": true,
    "count": 1,
    "updated": 1530010542
  },
  {
    "id": "9ea97a7e-501a-4d63-96ef-f1e10afa9893",
    "data": [
      {
        "text": "Show me stocks",
        "userDefined": false
      }
    ],
    "isTemplate": false,
    "count": 0,
    "updated": 1530010542
  },
  {
    "id": "7c011728-6f74-48f9-97f3-ee22b58d0618",
    "data": [
      {
        "text": "Show me the stocks for @StockName:company",
        "userDefined": false
      }
    ],
    "isTemplate": false,
    "count": 0,
    "updated": 1530010542
  },
  {
    "id": "77346f04-558f-41c0-96bf-c347b8a95d0b",
    "data": [
      {
        "text": "Show the stocks for @StockName:company",
        "userDefined": false
      }
    ],
    "isTemplate": true,
    "count": 0,
    "updated": 1530010542
  },
  {
    "id": "eef64c31-7d90-40af-8385-2346a5b9bf96",
    "data": [
      {
        "text": "Stocks for @StockName:company",
        "userDefined": false
      }
    ],
    "isTemplate": true,
    "count": 1,
    "updated": 1530010542
  }
]