[
  {
    "id": "b3ab9a02-854f-48ee-a428-9a367694ae5f",
    "data": [
      {
        "text": "Show me the weather in Brussels",
        "userDefined": false
      }
    ],
    "isTemplate": false,
    "count": 0,
    "updated": 1533726600
  },
  {
    "id": "2595d729-f2be-48b7-a270-2e1faaa13873",
    "data": [
      {
        "text": "Show the weather in ",
        "userDefined": false
      },
      {
        "text": "Brussels",
        "alias": "location",
        "meta": "@sys.geo-city",
        "userDefined": true
      }
    ],
    "isTemplate": false,
    "count": 0,
    "updated": 1533726600
  },
  {
    "id": "0dd5cb82-5ea3-46d3-bca1-cf98d4e92a59",
    "data": [
      {
        "text": "Show the weather",
        "userDefined": false
      }
    ],
    "isTemplate": false,
    "count": 0,
    "updated": 1533726600
  },
  {
    "id": "39b7a5fd-03b5-4b95-9fbc-4f5b362ab6c1",
    "data": [
      {
        "text": "Show me the weather",
        "userDefined": false
      }
    ],
    "isTemplate": false,
    "count": 0,
    "updated": 1533726600
  }
]