[
  {
    "id": "def63279-10f0-4494-8168-d2b35fa8b1d4",
    "data": [
      {
        "text": "Show me the hour",
        "userDefined": false
      }
    ],
    "isTemplate": false,
    "count": 0,
    "updated": 1530010455
  },
  {
    "id": "fbc959e4-ad1c-4b8b-9936-f9a376f19acc",
    "data": [
      {
        "text": "Show the time",
        "userDefined": false
      }
    ],
    "isTemplate": false,
    "count": 0,
    "updated": 1530010455
  },
  {
    "id": "dd12873e-90d6-4e1c-be10-e53a6b84433f",
    "data": [
      {
        "text": "Show me the time",
        "userDefined": false
      }
    ],
    "isTemplate": false,
    "count": 0,
    "updated": 1530010455
  },
  {
    "id": "d646648a-69ef-4783-a005-66fa5f00fe01",
    "data": [
      {
        "text": "Show the hour",
        "userDefined": false
      }
    ],
    "isTemplate": false,
    "count": 0,
    "updated": 1530010455
  }
]