[
  {
    "value": "JNJ",
    "synonyms": [
      "JNJ"
    ]
  },
  {
    "value": "AMZN",
    "synonyms": [
      "AMZN"
    ]
  },
  {
    "value": "BABA",
    "synonyms": [
      "BABA"
    ]
  },
  {
    "value": "GOOG",
    "synonyms": [
      "GOOG"
    ]
  },
  {
    "value": "APPL",
    "synonyms": [
      "APPL"
    ]
  },
  {
    "value": "T",
    "synonyms": [
      "T"
    ]
  },
  {
    "value": "FB",
    "synonyms": [
      "FB"
    ]
  },
  {
    "value": "MSFT",
    "synonyms": [
      "MSFT"
    ]
  },
  {
    "value": "GOOGL",
    "synonyms": [
      "GOOGL"
    ]
  }
]